customer_id,predict,predict_proba
1000055,1,0.997511307633373
1000081,0,0.3736464035626561
1000301,1,0.5241073938415279
1000444,1,0.5928846634812536
1000449,0,0.34289184480790447
1000535,0,0.1049512035827036
1000543,0,0.08696658101361349
1000824,0,0.04150582326239881
1000868,0,0.02451132945492442
1000941,0,0.30786194983026544
1000952,1,0.8522645911648941
1000964,0,0.3460631521729137
1001019,1,0.9984510195771552
1001100,0,0.33143376376532546
1001147,1,0.923043679969921
1001505,1,0.7077639019261879
1001514,1,0.9225134376545742
1001535,1,0.4406596271321246
1001587,0,0.001081968530904703
1001590,1,0.9989658433401871
1001641,1,0.9729817660196554
1001657,1,0.9989763179189671
1001681,1,0.9297427888894664
1001698,1,0.7346989003572549
1001712,0,0.0002501183866171541
1001759,0,0.013112941006004282
1002154,0,0.14177178432394527
1002212,0,0.003725939967790467
1002289,1,0.9335755103970215
1002355,0,4.977058836470383e-05
1002433,1,0.9337525801841334
1002438,1,0.9834305069240933
1002487,1,0.613196218793702
1002547,1,0.9971096041089114
1002645,1,0.7839501528713273
1002777,1,0.9081806987667775
1002805,0,0.0004900826837404124
1002867,1,0.960495920889637
1002884,0,0.16214014982059793
1002916,0,0.2880959970578263
1002932,1,0.8845821276168466
1002973,1,0.8693602816854042
1003004,1,0.9847429804418175
1003058,0,0.007392641099507837
1003109,1,0.8934800720099462
1003170,1,0.9160347591314416
1003197,0,0.020864020220592274
1003208,0,0.2217373619621239
1003218,0,0.18800670352555834
1003284,0,0.014993752490480515
1003362,1,0.6449785411290198
1003408,0,0.0037457889826490775
1003415,0,0.010029697854859913
1003464,0,0.18087861581668818
1003517,0,0.14011483930877475
1003537,0,0.007665518229461783
1003567,0,0.0605734047790332
1003568,0,0.13972707903045642
1003638,1,0.8889448217335326
1003645,1,0.9984729704709795
1003718,1,0.9118662110060305
1003791,0,0.000151992295880163
1003890,1,0.9998727783121838
1003967,0,0.008180162500296313
1003978,0,0.0002285362115927712
1004052,0,0.2500152842167701
1004064,0,0.0003217281764960443
1004068,0,0.1172674182779133
1004251,0,0.003407561741277478
1004340,0,0.3690639977343816
1004377,1,0.695891978894647
1004382,0,0.0007699631485890346
1004428,1,0.9955627111961222
1004433,0,0.04685963041483164
1004544,0,0.03950281664322094
1004589,0,0.29276734631974444
1004627,0,0.10074328229886699
1004646,0,0.3898233519186327
1004669,0,0.0555147145539866
1004671,0,0.11298898637705217
1004790,0,0.09252598578326382
1004801,1,0.7930481586203555
1004856,1,0.8705094030171318
1004916,0,0.05343626853439714
1004952,1,0.8877007381520189
1005311,1,0.7250660737381336
1005363,1,0.9666026203391775
1005417,1,0.9988059268537616
1005423,0,0.06972986229896455
1005428,0,0.028650633365271592
1005542,0,0.11026391372860805
1005561,1,0.9984301664080096
1005667,1,0.45650342247887205
1005696,0,0.12661488718671166
1005831,1,0.9866809404784103
1005890,1,0.9880156536880474
1006019,1,0.49108052540384284
1006093,0,0.05399758206877966
1006158,0,0.09178195350033483
1006203,1,0.6787260862930606
1006205,1,0.9352813103500103
1006291,0,0.0027553629865366804
1006309,0,0.008086705979033555
1006362,1,0.7023071642544273
1006392,1,0.6614022296513558
1006487,1,0.9969345913801008
1006636,0,0.005562794024061145
1006639,0,0.0585936656753241
1006767,0,0.2890465733119176
1006825,1,0.5145479355828416
1006850,0,0.009912900216866949
1006977,1,0.7807972407529784
1006982,0,0.3181602937954141
1007107,0,0.001725645179601981
1007140,1,0.9971524558453164
1007220,1,0.9977459115197137
1007474,1,0.9982614490411961
1007526,0,0.23275401636165682
1007532,1,0.9983307186507967
1007554,0,0.0013650409705838317
1007558,0,0.0015885087350839342
1007704,0,0.0007618770742456238
1007726,1,0.9468967498112114
1007758,0,0.10783127546305528
1007788,0,0.06337378739286958
1007817,1,0.9322244568327948
1007897,0,0.25632846333930126
1007924,0,0.006136784384246292
1007992,1,0.47284766449724985
1008137,0,0.0736228593136162
1008143,0,0.011683999656934604
1008205,0,0.05414332492599602
1008227,1,0.8514547737756498
1008366,0,0.09942246337270524
1008409,1,0.6586215305950889
1008471,0,0.004827718439208152
1008499,0,0.15948137908983107
1008602,1,0.8746647519071863
1008603,0,0.11124336274276503
1008698,0,0.044180443367518855
1008762,1,0.9453527129054872
1008853,0,0.00694633586383761
1008875,0,0.018912719277794796
1008930,1,0.9932547033857907
1009000,0,0.2428660291270014
1009101,0,0.01226852432274144
1009117,1,0.8995484552438251
1009178,0,0.2771550625321696
1009195,1,0.9907352415663343
1009243,0,0.02528814641041772
1009339,1,0.9951281021315282
1009460,0,0.3458823658767431
1009503,0,0.11254233706237037
1009532,1,0.6636884294570204
1009608,1,0.9709678447792826
1009647,0,0.10830709010046405
1009706,1,0.7694388642080033
1009720,1,0.9495196434918918
1009761,1,0.6444487642915109
1009784,0,0.14752889259654053
1009817,0,0.17113225855778627
1009822,0,0.0003921144128659358
1009830,1,0.9542445399259986
1009855,0,0.00015650336485115808
1009891,1,0.9127864784337951
1009965,0,0.03923298286679561
1010035,1,0.9153673567967577
1010151,0,0.261425811107037
1010324,0,0.08828153286053521
1010387,1,0.9494675351377684
1010478,0,0.02155569255876563
1010567,1,0.5800857647121382
1010659,0,0.22526893183888708
1010667,1,0.9987428936422672
1010783,0,0.01147382663815207
1010828,0,0.08307148994002253
1010873,0,0.13116627135027062
1010880,0,0.188726987783191
1010972,0,0.3693959681442047
1010992,0,0.4096634027706159
1011008,0,0.2915938535238873
1011100,1,0.9999670167532653
1011123,1,0.9633602618248961
1011126,1,0.8920413549189193
1011191,1,0.900567968986939
1011244,1,0.6586923845199901
1011249,0,0.019101745138344624
1011287,1,0.8845391281767111
1011324,1,0.8728029863796156
1011353,1,0.9363319947147175
1011417,0,0.10005066546219525
1011423,0,0.24968778880374098
1011609,0,0.1372835274799225
1011745,1,0.9462853004788945
1011813,1,0.5124023359087552
1011882,0,0.03981720189387933
1011935,0,0.08133841338684279
1011947,0,0.028516236197866605
1011998,0,0.11257635219456434
1012005,0,0.00991903541697724
1012037,1,0.9833242526956683
1012046,0,0.2693680823561933
1012116,1,0.9799825269548392
1012134,1,0.9477423262274692
1012174,1,0.5222518375678259
1012182,0,0.08550797952820505
1012247,0,0.0009726735414650437
1012261,1,0.9180767389603773
1012346,0,0.07184143045065029
1012373,1,0.43849733175988664
1012384,0,0.12549401524973436
1012486,1,0.9662304183623893
1012507,0,0.37398967875759037
1012512,0,0.35152463446331134
1012565,0,0.11886803715251595
1012671,0,0.14728692635461105
1012697,0,0.13472730767305321
1012789,1,0.4274534185336356
1012791,0,0.02820133067779143
1012823,1,0.8395822690728794
1012835,1,0.9149449022004228
1012847,1,0.8825363506273168
1012895,1,0.6547915369610521
1012982,0,0.08815655030562239
1013041,0,0.2531890538528065
1013133,0,0.010360983637230762
1013245,0,0.027938153606681712
1013284,1,0.9782359151365724
1013311,1,0.9115054197204919
1013323,1,0.8526864627242435
1013359,1,0.9993684651484969
1013402,1,0.9907088554446977
1013417,1,0.939178960474117
1013589,0,0.29958256596991006
1013609,0,0.015701118237727386
1013610,1,0.9977749547376819
1013620,0,0.0080141469800225
1013682,0,0.3156703656988215
1013726,0,0.02598345957230788
1013783,0,0.0611550925213084
1013902,0,0.019620693420399134
1013947,1,0.9612283307911423
1013974,0,0.1619341207925829
1014005,0,0.0008226685745423326
1014030,0,0.09631407676231814
1014056,0,0.00031504073567684447
1014079,0,0.023229024799636278
1014104,0,0.023960121772755506
1014184,0,0.0038456805375605327
1014222,0,0.03402741862307966
1014357,0,0.007201709293666684
1014487,0,0.16226319260901567
1014504,1,0.6210027194327661
1014508,1,0.936393217937588
1014519,1,0.9575972500055094
1014683,0,0.3828298522117248
1014694,1,0.9899379906489763
1014708,0,0.21026233366591587
1014712,1,0.585167496102989
1014771,0,0.006560763441713963
1014847,1,0.47293650144026617
1015057,0,0.031179670175506963
1015134,0,0.15422999037383084
1015279,1,0.9998668170184732
1015305,0,0.0006055269640183176
1015308,0,0.0032886246787571446
1015324,0,0.011907343582284194
1015559,1,0.6230946407398738
1015567,1,0.7495133973984878
1015570,0,0.17782350978294464
1015574,1,0.99108543948557
1015611,0,0.01110858839669329
1015695,1,0.949653606331324
1015762,0,0.26154165823719516
1015828,0,0.03977615773230472
1015911,0,0.017369840555765067
1015924,1,0.9791686358151542
1015949,1,0.6597216245578599
1015968,1,0.9066125644142503
1016016,0,0.07215483487327794
1016033,1,0.9754226578453061
1016042,1,0.983330821307137
1016184,0,0.24464349115909537
1016231,1,0.6998288586101675
1016266,0,0.01982973079204752
1016272,0,0.16870142406036787
1016280,0,0.21416934278360178
1016352,1,0.5873316506932635
1016526,0,0.003971643110783293
1016604,0,0.05840619966221464
1016613,0,0.0035871392550108805
1016702,1,0.7653062159759189
1016763,1,0.9817467648292092
1016822,1,0.6956134543210123
1016840,0,0.012984824848685123
1016854,1,0.6377540730843858
1016877,1,0.6474076615522886
1016880,1,0.9911724643368066
1017143,0,0.27010353540412096
1017148,0,0.00038430568706718357
1017280,0,0.37048496676834486
1017397,0,0.009254280120026413
1017400,0,0.39417384329646127
1017427,1,0.7339812668654101
1017444,1,0.7569376167884159
1017466,0,0.075725668419666
1017560,0,0.009038868541855748
1017566,1,0.9554006943081846
1017591,0,0.07493021019210917
1017611,1,0.9842368873040366
1017671,1,0.9368820412702602
1017718,1,0.9978612170855243
1017734,0,0.12395810404844854
1017844,0,0.027229908402394063
1017876,0,0.10840808687181153
1017977,1,0.9983607512821148
1018054,0,0.03393895166733833
1018124,0,0.0011509930436698183
1018125,1,0.8188934000443928
1018223,1,0.9628239320481783
1018237,1,0.9875431182546465
1018311,1,0.5220442909576858
1018337,0,0.006333485708118177
1018496,0,0.1101211529669218
1018643,1,0.9991241762905396
1018797,1,0.8033046726925066
1018809,0,0.11919411229965993
1018884,1,0.4300560794789477
1018886,1,0.9868803333209045
1018923,1,0.9665162362492521
1018966,1,0.9015824181916821
1018972,0,0.21777593999684633
1019125,0,0.002499706483710516
1019211,0,0.06192510174414326
1019240,0,0.10294265490341806
1019253,0,0.029095029748026576
1019415,0,0.3389600964765794
1019416,0,0.2892377332147132
1019439,1,0.9271095619534991
1019443,1,0.6616082971056375
1019463,0,0.043030523895001296
1019608,0,0.10260101507633246
1019658,0,0.0312947999363683
1019661,1,0.6349386872817439
1019763,0,0.06644514621961922
1019788,1,0.7865369418690049
1019808,0,0.2579494022792219
1019835,0,0.3118493038770761
1019853,1,0.9815178862747881
1020003,0,0.08754109573614223
1020034,1,0.9138637807711273
1020046,0,0.19700229342964576
1020282,0,0.029159274802060195
1020307,0,0.03584608105867476
1020314,1,0.865592921815863
1020492,1,0.9822844137695376
1020524,0,0.0317783348119109
1020646,0,0.1562575422350986
1020674,1,0.4378826325195771
1020679,0,0.3372781339786787
1020703,0,0.15272840830122175
1020724,0,0.08892510888361362
1020738,1,0.9700151351860445
1020796,1,0.880626200929765
1020851,1,0.9987239981641228
1021030,1,0.48395498795512726
1021055,0,0.014374116992850107
1021079,0,0.0902078831868327
1021113,1,0.6259128726019981
1021167,0,0.020100983326116477
1021211,0,0.13901678291978864
1021308,1,0.9983436166615391
1021336,0,0.035482105452374374
1021357,0,0.031325809239534076
1021385,0,0.1584545535419006
1021463,0,0.10613848514851605
1021486,1,0.9996153002929121
1021493,0,0.2865704847254082
1021502,0,0.03474340344608692
1021538,1,0.9623621544992219
1021806,1,0.6447853255838241
1021891,1,0.7062048489447312
1021915,1,0.9060481121076541
1021968,0,0.00024287172841807797
1022010,0,0.001711102997882081
1022025,0,0.24254624254174129
1022069,1,0.5874078030155474
1022093,0,0.06389810988564534
1022250,1,0.5834172568438399
1022394,0,0.06861511789955
1022406,0,0.0002516585614148726
1022448,1,0.5385223706157748
1022486,1,0.4626504787774839
1022704,0,0.274884615902735
1022749,0,0.014445383161158192
1022825,0,0.169186026941666
1022843,0,0.022180685291748426
1022877,0,0.3680458858394116
1023048,0,0.004637390006027498
1023134,0,0.0002562682356337061
1023177,1,0.4343909613164494
1023193,0,0.003690140701647975
1023316,1,0.9256285002924662
1023452,0,0.0006104772196135872
1023474,1,0.9903979980485847
1023490,0,0.008249311452413387
1023578,1,0.975905061299422
1023598,1,0.4516876842945061
1023624,0,0.33508381910276236
1023890,1,0.96195557670071
1023896,0,0.23917361330493245
1023960,1,0.9165740947744416
1024114,0,0.01500959458471435
1024115,1,0.4727336924059315
1024123,0,0.09180621283737407
1024140,1,0.9801776216379805
1024142,1,0.8917414612783569
1024188,0,0.24349768872951474
1024225,1,0.9998330188560423
1024230,0,0.013186283606654229
1024239,0,0.0008888788254560226
1024256,0,0.03274598170208924
1024283,0,0.07042341380271801
1024286,0,0.20931771127878812
1024292,0,0.14693249506400818
1024358,1,0.9649221475502147
1024483,0,0.41530989109315347
1024552,1,0.9602371714456946
1024564,0,0.1588521356408803
1024567,1,0.7205376794992775
1024577,1,0.6824912486233831
1024710,0,0.10619843979900306
1024734,1,0.596012318773141
1024792,1,0.9915993730606751
1024857,0,0.03721872966652712
1024919,0,0.009294693428981258
1024997,0,0.14781917850631723
1025010,0,0.15600231048001892
1025045,0,0.12744295020797147
1025076,0,0.1158010686440997
1025105,1,0.5135754879285807
1025134,0,0.36448585778143167
1025140,1,0.9985869532762409
1025175,0,0.060706661355753436
1025274,0,0.14228380026105691
1025291,0,0.19697187706206568
1025298,1,0.4950231742017117
1025317,1,0.6004876304308182
1025329,1,0.665810355677315
1025343,1,0.9998592549002282
1025401,0,0.39995512572209685
1025429,0,0.0337945472336538
1025555,0,0.015199444477454927
1025556,0,0.345183147810371
1025759,0,0.04355752053194668
1025772,0,0.1718211952694158
1025787,0,0.05731355381429149
1025879,0,0.11637342372920936
1025887,1,0.9117049421344111
1025891,0,0.3921429196266184
1025974,0,0.10794433218546198
1026020,1,0.9998538826444372
1026120,1,0.7168879266555443
1026202,0,0.0013456959001478567
1026217,1,0.9884736269239539
1026334,1,0.5578023278268418
1026340,0,0.03050745455112226
1026383,0,0.022493012077771966
1026458,1,0.7286172305060609
1026527,0,0.10299266266954019
1026571,0,0.3076031570480192
1026595,0,0.0030860058947505668
1026614,0,0.24289051877001996
1026652,1,0.42990845371577713
1026713,0,0.0036904291221419127
1026812,0,0.3519529354018698
1026855,0,0.171190858430648
1026902,0,0.25964849015715524
1026941,1,0.4256637283743837
1027060,1,0.7815483318685484
1027122,0,0.013319930648969826
1027153,0,0.03285786270852916
1027159,0,0.018808818797726112
1027387,1,0.9270594992156
1027581,0,0.04113659774239154
1027604,0,0.02249464052148328
1027723,0,0.12661835427209667
1027792,0,0.01762277919725828
1027928,0,0.19369282540843435
1027958,0,0.027242160385584427
1027961,0,0.2601827940759376
1028051,1,0.9086288124871291
1028143,1,0.766318673278679
1028344,1,0.8022461275233338
1028354,0,0.3627388055029367
1028369,1,0.7656283338252406
1028387,0,0.021867724713224446
1028455,1,0.7678117660176046
1028579,1,0.6877470950883334
1028595,1,0.8438566715215734
1028648,1,0.4696089118682159
1028659,1,0.9999720685184437
1028729,0,0.0929481185853789
1029026,0,0.41748422742684327
1029050,1,0.8225664590067112
1029127,0,0.11734700914130294
1029146,1,0.5247321686710622
1029165,1,0.7917773336197416
1029225,0,0.2845723536405288
1029243,0,0.008454810996200197
1029249,1,0.9941215811304953
1029284,1,0.6798587257775328
1029297,1,0.545696249341163
1029315,0,0.003851432842014636
1029472,1,0.7602865721534844
1029725,0,0.22206925108464617
1029726,0,0.007948873860601653
1029748,0,0.14794401242065963
1029940,1,0.8396787013546629
1030025,1,0.9353177873017555
1030058,1,0.8139357647889305
1030124,0,0.31961091234170946
1030134,1,0.8611200065578062
1030135,0,0.014578847045621818
1030198,0,0.13203242046643396
1030215,0,0.39554394650151126
1030229,1,0.9955540699758222
1030320,0,0.04203688590652684
1030487,0,0.12933190195883726
1030505,1,0.5262025910282411
1030621,0,0.05842578641330142
1030638,0,0.029247655820205797
1030649,1,0.8922043228243208
1030668,1,0.9106965284016613
1030689,0,0.2471443756692178
1030692,1,0.8140910519687246
1030784,0,0.3273354721241449
1030816,0,0.02541265232493716
1030832,1,0.9989871816659779
1030915,0,0.0773048026855075
1030951,1,0.9763565741440278
1030974,1,0.8368416260358243
1031063,1,0.5044716569287611
1031106,1,0.8326624295426728
1031147,1,0.9519548545676569
1031262,1,0.4923924263184424
1031422,0,0.3032706373364073
1031602,0,0.1116166639862447
1031860,0,0.10590240247805358
1031924,1,0.6544354013368339
1031942,0,0.3883955398226728
1031973,0,0.13205619870116136
1031984,0,0.054797370004840494
1032113,0,0.29801457784902596
1032262,1,0.6312443878778934
1032308,0,0.027447957944779354
1032335,1,0.7021440977330239
1032340,0,0.05567135969958957
1032367,1,0.8672677886036305
1032374,0,0.07377234869563967
1032375,1,0.9827959725601766
1032410,0,0.004352526762190439
1032663,0,0.1948771641700493
1032709,1,0.6073590217447551
1032749,0,0.032392717052576674
1032829,0,0.313911625743202
1032845,0,0.01681503344496018
1032884,0,0.02176816942432756
1032999,1,0.9992922588264993
1033112,0,0.2928756611672632
1033115,0,0.16572265155669874
1033214,1,0.5628757389939882
1033226,0,0.1748904488605774
1033251,0,0.01720657366639655
1033269,0,0.05526544126765511
1033473,0,0.26666234217285356
1033497,1,0.9987316524401498
1033565,0,0.0037850275202796825
1033631,0,0.265742306682146
1033649,1,0.9863198682906098
1033708,1,0.9768448046859205
1033712,1,0.44865570014820744
1033760,0,0.10687290537488997
1033792,0,0.0035506118754198347
1033856,1,0.996335920639657
1033890,1,0.6147600658569106
1033903,0,0.11011892644009456
1033933,1,0.6546009916879552
1033945,0,0.1793224140331618
1033979,1,0.9872227896595138
1033998,0,0.24443275700027758
1034036,1,0.6014694077256966
1034165,1,0.9692409092549734
1034366,0,0.32361442866317003
1034407,1,0.99598792209413
1034427,0,0.1560239474621494
1034495,1,0.670735317705784
1034631,1,0.5170638097923022
1034676,1,0.9998860623307153
1034925,1,0.965466113955172
1035256,1,0.9912099337189785
1035258,0,0.2567374554231515
1035306,0,0.0024328834322589242
1035309,1,0.6971611079239609
1035356,0,0.009366893051227787
1035586,0,0.055338242365182075
1035588,0,0.03138395949665319
1035651,1,0.9292818242603796
1035908,1,0.778870526994465
1035921,1,0.8460858376091458
1036089,0,0.01583606311937138
1036165,0,0.024597411037135166
1036193,1,0.8975666062527603
1036244,0,0.3560323167228664
1036269,0,0.022817828474802865
1036283,0,0.04395287034959263
1036305,1,0.9602333072246573
1036319,0,0.012335646638435846
1036330,1,0.8437223919782995
1036364,0,0.06691777598943859
1036367,0,0.0011295224229579744
1036375,0,0.055048728731497576
1036425,0,0.22901176174669033
1036496,0,0.394265299564992
1036527,0,0.08506104921318866
1036612,0,0.37274334008299476
1036637,0,0.0043018019703197205
1036642,1,0.7001104653260946
1036818,0,0.2531511628371676
1036832,0,0.29052134608155394
1036866,1,0.9045220956880323
1036868,1,0.990979304662777
1036959,1,0.5591975759444938
1036975,0,0.028810779527848013
1036996,0,0.08419853719874029
1037101,1,0.9831326695610986
1037129,1,0.9398215616258346
1037142,1,0.9120663137124648
1037197,1,0.972227592293451
1037279,1,0.5810411383087978
1037309,1,0.893592478632671
1037347,0,0.10973530335685068
1037355,1,0.9954806326860448
1037458,0,0.24891504005528192
1037516,1,0.7119706056633431
1037525,1,0.9997896440686255
1037586,1,0.4678904131893149
1037644,0,0.1538208765865592
1037647,0,0.39796079951956703
1037692,0,0.09938852061288364
1037725,0,0.4166275537686489
1037787,0,0.31096639058862835
1037844,1,0.8824694465220934
1037868,1,0.6511447639955289
1037871,1,0.9507186663186439
1037960,0,0.11628648447754132
1037989,1,0.984478111361777
1038232,0,0.009119934594181155
1038326,0,0.2683369415175485
1038478,1,0.43683093492639175
1038480,0,0.30255163495286486
1038498,1,0.4958986800885051
1038593,1,0.9664294817489983
1038632,1,0.9998220376677768
1038637,1,0.9830074003459571
1038707,0,0.20322072417009185
1038735,1,0.7843255912294418
1038827,1,0.9805097239144336
1038979,1,0.49717389791962224
1038997,1,0.9965060066553143
1039110,1,0.9918094748679623
1039195,0,0.27843103021864346
1039418,1,0.9310559760581057
1039425,0,0.016928019943507833
1039465,1,0.9485711333578883
1039513,0,0.009147819544407586
1039533,1,0.9862622735711764
1039540,0,0.025802518294981064
1039649,1,0.7983838828413894
1039677,1,0.9981007551794129
1039685,0,0.017444095461125585
1039703,1,0.9818662667504422
1039716,0,0.1357002573782438
1039782,0,0.38621561719584413
1039817,1,0.9919756524979741
1039822,1,0.76923020335849
1039878,0,0.15360467463677582
1040035,1,0.6837276970706675
1040173,1,0.7503848887511665
1040343,0,0.34690834558261974
1040373,1,0.9390434725890707
1040400,1,0.9675095170103988
1040410,0,0.021077581228169655
1040516,1,0.9529095101878697
1040559,0,0.2552038677178356
1040598,0,0.005358523997938544
1040700,0,0.0375141827390305
1040788,1,0.940730561393654
1040797,0,0.020350392569528312
1040852,0,0.09270967552571925
1040901,0,0.08533889495241799
1040905,1,0.7504377173460286
1041104,1,0.7154354628047997
1041179,1,0.5991700695775795
1041181,0,0.11516588066735552
1041228,1,0.8091164822835851
1041332,0,0.017090292927994976
1041376,0,0.0275694689292207
1041389,1,0.8347486700924678
1041403,0,0.16638194692633576
1041487,0,0.03833297951763104
1041606,1,0.9715711483356136
1041866,1,0.9861911782100964
1042009,0,0.17184467238713327
1042059,1,0.9999328008113708
1042096,0,0.027519361496314378
1042144,1,0.9990015380293059
1042154,0,0.3627045588695835
1042231,1,0.9846037798001459
1042291,0,0.18942215406114551
1042320,0,0.1484862715166583
1042613,0,0.03143440563214658
1042644,1,0.6754831636086938
1042816,0,0.008975478734476893
1042865,1,0.5007007418105245
1042870,1,0.9735050393604592
1042901,1,0.99235987551888
1042925,1,0.9107873682023963
1042976,0,0.020639813394924957
1043009,1,0.956943878907321
1043115,1,0.7305177165042543
1043117,0,0.03248429643306568
1043119,1,0.9808784991628301
1043174,1,0.6665584850145269
1043202,1,0.937030117997762
1043294,0,0.08979179567272903
1043305,0,0.23542200583620262
1043349,1,0.658119921165204
1043359,1,0.9785710209022744
1043523,1,0.9594803924465353
1043526,0,0.33668074463054254
1043528,1,0.42607539690995233
1043565,1,0.906538511575819
1043641,1,0.480215680102033
1043665,0,0.015411247542964055
1043732,1,0.9851981293545604
1043761,1,0.8510636155372507
1043877,1,0.9667055483267051
1043998,1,0.9366063324102933
1044015,0,0.0010107527435404252
1044017,0,0.2796865960066083
1044138,1,0.452397580763395
1044161,1,0.5524396662540263
1044248,1,0.7552001856788296
1044265,1,0.5351818320765102
1044403,1,0.9997118329167344
1044609,1,0.9770906586624558
1044615,0,0.3551092418799435
1044772,1,0.7821749128736448
1044790,0,0.1870236451997108
1044802,1,0.9632997918129236
1044840,1,0.983525375079776
1044870,1,0.7139804504953252
1044973,1,0.8965846324841729
1045174,1,0.8143645769999087
1045204,1,0.837588922863479
1045226,1,0.49904566902405256
1045297,0,0.00314345647496418
1045395,1,0.9056379314040248
1045431,0,0.33283564008986927
1045457,1,0.44505266156281686
1045576,0,0.12069904616143333
1045580,0,0.11662347546409271
1045779,0,0.03632008020547795
1045835,1,0.690090987663191
1045857,0,0.2985349075978267
1045870,0,0.008949624615260108
1045871,1,0.9747250240580084
1045912,0,0.3974046835533867
1045915,0,0.3538603386015646
1046090,0,0.2777612742773363
1046200,0,0.2880781188100432
1046205,0,0.010525833806630355
1046277,0,0.35050946847409514
1046446,0,0.012324783626604085
1046451,1,0.9743923091158346
1046600,0,0.0010664003860140034
1046677,1,0.8054858295031503
1046683,1,0.9762455643708574
1046694,1,0.8627211821474772
1046749,0,0.21311081202501514
1046983,0,0.012362053758588449
1047014,0,0.03150923730099765
1047081,1,0.9305169424632359
1047145,0,0.19394510755531716
1047380,1,0.9989268860214126
1047437,1,0.9048772370197372
1047518,0,0.13242267164564755
1047621,0,0.3492379315697961
1047669,1,0.9307001083726749
1047692,0,0.03751968920336664
1047705,0,0.09858048679310309
1047720,0,0.19594975844517074
1047733,0,0.06963016829258538
1047803,1,0.8387965089099698
1047858,1,0.4790246524715586
1047866,0,0.16987324395937867
1047870,1,0.9168839519563831
1047992,1,0.5569704685617356
1048003,1,0.5446454984355871
1048015,0,0.005603147027770897
1048030,1,0.5837367836297201
1048055,0,0.33383220457305546
1048090,0,0.34954463245690054
1048223,1,0.9504569948656132
1048237,1,0.9504726353549409
1048528,0,0.01091812636452655
1048670,1,0.5926172689492897
1048812,0,0.008944000189588106
1049027,0,0.058680060338128746
1049029,0,0.17459132080804018
1049135,0,0.00021658440057685402
1049136,1,0.9870364713748447
1049143,1,0.8891708280016818
1049171,0,0.049266820507367574
1049224,0,0.20569205848195507
1049257,1,0.9789960171561897
1049295,1,0.5709726259361004
1049437,1,0.9998735996102754
1049458,1,0.9372540111082194
1049569,0,0.19310801253757282
1049574,1,0.9622048163816792
1049591,0,0.053951282487433624
1049655,0,0.006882721770835759
1049762,1,0.651888270883059
1049854,0,0.05938562116985385
1049874,1,0.8162513359754909
1050021,0,0.3745033927624573
1050084,0,0.05534770813936786
1050117,0,0.23308288467034358
1050151,1,0.982059855759625
1050175,0,0.13469294117933614
1050204,1,0.7230480329203515
1050290,0,0.10403727613984114
1050312,1,0.47758192713395303
1050321,0,0.0005255154005264764
1050406,0,0.030747704398114157
1050432,1,0.9983950726719767
1050434,1,0.48517805758927984
1050445,0,0.05126442980326831
1050529,0,0.39934380263245245
1050613,1,0.9986466801930693
1050619,0,0.39110442012252833
1050688,0,0.19050746248162723
1050835,0,0.2402449374516383
1050906,0,0.027863348142105938
1050933,0,0.28286851487448794
1050936,0,0.11558875486816296
1051063,0,0.10594055251220247
1051157,0,0.2296540990051148
1051217,0,0.24372450814040914
1051299,1,0.7887402880364188
1051305,1,0.9999385848208165
1051394,0,0.2617507594854056
1051531,0,0.00654759109047676
1051543,1,0.9998599218833697
1051686,1,0.7619740264712982
1051736,1,0.9606530185699899
1051751,0,0.057561789538943045
1051800,1,0.7881274992642848
1051952,1,0.5018696888781079
1051954,0,0.002795489485304886
1052046,1,0.9982992487749646
1052073,1,0.9980703328017619
1052088,1,0.9765243546737777
1052160,0,0.17233077039250416
1052170,0,0.26592144250427574
1052276,1,0.99493455356049
1052399,1,0.9394323698358028
1052584,1,0.7069122829792798
1052695,1,0.7140138435753492
1052762,1,0.5643726716374216
1052847,0,0.01156736685998782
1052904,1,0.9957778320206946
1052984,1,0.9998204339289631
1053039,1,0.6022122061217028
1053068,1,0.9653582422919981
1053141,1,0.604271058211839
1053266,0,0.24992866585643939
1053269,0,0.03953502076995974
1053341,1,0.80266263918292
1053473,1,0.9805961282118224
1053507,1,0.997104996593996
1053520,0,0.004426099253730751
1053666,0,0.0838989653749427
1053817,1,0.9924609962275229
1053846,1,0.9961939986964614
1054166,1,0.9176863516096686
1054180,0,0.12901081773787298
1054315,1,0.9581951732704272
1054401,1,0.9824143804431975
1054444,0,0.029596558275595524
1054479,1,0.9999776906790038
1054538,1,0.8582913559093496
1054605,1,0.8109522142490119
1054629,0,0.33797974641910383
1054678,0,0.22504026894106782
1054760,1,0.7249179865743718
1054807,1,0.9846389361634061
1054877,0,0.0474520805093133
1054923,1,0.6893185222518112
1054948,1,0.8708123519552737
1055020,0,0.11101579315362824
1055052,0,0.22738158222247926
1055131,0,0.06419557721088516
1055191,1,0.9445026243521574
1055305,0,0.015597228698460353
1055335,1,0.984769691857274
1055362,1,0.9985461789656319
1055363,1,0.6711255501355263
1055371,1,0.4808675724606839
1055385,0,0.10482755731142593
1055452,1,0.9532166653176765
1055487,1,0.9635652084242269
1055555,1,0.5056596422971016
1055794,0,0.19085917293968885
1055865,1,0.8357165834339662
1055866,1,0.9998487286418885
1055920,1,0.9993793707956999
1056039,0,0.3410543650479286
1056046,1,0.5555160101105548
1056122,0,0.12254881475276838
1056143,1,0.8934190531287376
1056287,1,0.7791978671714185
1056370,1,0.6438525088109949
1056387,1,0.9823776941300243
1056529,0,0.07596400202298192
1056736,0,0.12819189189061275
1056847,1,0.8920579902969155
1056890,1,0.8909881940542906
1056903,0,0.014795532210472499
1057043,1,0.7707106802461303
1057137,0,0.021988916068136972
1057161,1,0.5704085164527304
1057223,0,0.40975857141447114
1057227,1,0.9328828795805572
1057269,0,0.19338082825045178
1057296,1,0.785597141186753
1057385,0,0.15776656160072527
1057427,1,0.9075442615680275
1057457,0,0.09562581198272381
1057563,0,0.2540423226721666
1057740,1,0.9960115969177462
1057744,1,0.9211824993021173
1057832,1,0.9197929842067312
1057850,0,0.24315083279859775
1057864,0,0.00915875895604233
1058013,1,0.9838384632037394
1058060,0,0.02371553607765088
1058116,0,0.0008538462104407075
1058118,1,0.6183465300709182
1058188,0,0.38037465917040836
1058348,1,0.45056810296491445
1058427,1,0.9164572208774635
1058584,1,0.990538028854388
1058587,1,0.935948175812431
1058599,1,0.9595257828573855
1058600,0,0.20521993237932268
1058694,1,0.5298098444129558
1058743,1,0.7660264162404573
1058745,0,0.177074791705577
1058749,1,0.9330181082581377
1058781,0,0.06467050909440832
1058793,0,0.23284336172778114
1058987,1,0.8923775302490372
1059011,0,0.004660480785993761
1059169,1,0.9956348896235565
1059255,0,0.17681799222856034
1059295,1,0.8892631124317504
1059342,1,0.9949896315917565
1059363,1,0.7562920402769349
1059373,1,0.8801752218943002
1059456,1,0.9551783956944603
1059461,0,0.4113762282611081
1059539,1,0.9619195159836068
1059559,1,0.9876413345653936
1059594,1,0.9980485655208843
1059671,1,0.999339093402265
1059763,1,0.9842828449340091
1059900,0,0.06827949183115917
1059962,1,0.5269681704066894
1060021,0,0.03293001804731708
1060137,1,0.9771566505718506
1060189,1,0.4231816990040385
1060263,0,0.24580429833830195
1060282,1,0.991386792830774
1060362,1,0.9970313689672566
1060383,0,0.06313581637648094
1060437,0,0.36266031050062164
1060547,0,0.04204663647368998
1060592,0,0.35421851212036337
1060609,0,0.15224869621502385
1060620,0,0.0011897827946739069
1060850,0,0.14694794148982465
1060864,0,0.291189801604216
1060872,1,0.8129828935577667
1060880,1,0.9042082921234482
1060956,1,0.5423194940068603
1060979,0,0.26156318137751944
1061057,1,0.6824327977763357
1061144,1,0.9835177972849668
1061148,1,0.8621989597095434
1061168,1,0.9966001575350781
1061172,0,0.15741862153371833
1061178,0,0.0820276224215664
1061187,1,0.7082394901911833
1061212,1,0.6288639485726876
1061259,0,0.019487076013438936
1061299,0,0.03445137838515024
1061309,1,0.7258278608025894
1061372,1,0.9898886131447293
1061472,0,0.016961427306513396
1061509,1,0.631752449502964
1061634,0,0.12412343557562719
1061692,0,0.25325194580714655
1061736,1,0.8879292773619005
1061750,0,0.14756748364058606
1061825,1,0.5674787595670763
1061889,0,0.1369587111306924
1061969,0,0.1999748427863127
1062002,1,0.9550712291336079
1062028,1,0.7960633159396847
1062037,1,0.8086122254555608
1062059,1,0.9882550751459507
1062101,0,0.08859910068761084
1062232,0,0.005215363930391638
1062310,1,0.6332213999863661
1062450,0,0.08647998524375305
1062518,1,0.9281110683169949
1062594,0,0.017677731741617526
1062722,1,0.42491218653643986
1062752,0,0.007824577516439767
1062896,1,0.9084710182726945
1062948,1,0.4748168229982796
1062954,0,0.01880226845832085
1063052,0,0.027522489754817817
1063207,0,0.09064893728648725
1063230,1,0.9822244312726269
1063256,0,0.32349403196974463
1063423,1,0.9892890981664892
1063449,1,0.8562314365935662
1063469,1,0.903847070441836
1063519,1,0.5385999273134743
1063532,0,0.0036597063525218724
1063548,1,0.4795117288662804
1063764,0,0.0010909309099746388
1063813,1,0.9303132968391233
1063825,0,0.2436459385847512
1063840,1,0.9992256003710794
1063881,0,0.2652364287012475
1063891,1,0.9751132209737896
1064046,1,0.97718325149976
1064081,0,0.06568297685660258
1064181,0,0.001964498984084343
1064230,1,0.7533967282179121
1064255,0,0.01307009124780757
1064276,0,0.07758646039237366
1064299,0,0.2783961489097299
1064357,0,0.07490451274563534
1064363,1,0.9271417525276289
1064389,0,0.08227973271182701
1064518,1,0.6030459843633839
1064581,0,0.019652411035401076
1064600,0,0.015890397792114104
1064603,1,0.9917435658423722
1064673,0,0.12903599869403534
1064675,1,0.9945905294502487
1064715,1,0.9969471309814346
1064833,1,0.892495761412168
1064872,1,0.9982597741419976
1065018,0,0.3239789833648002
1065074,0,0.008182242202170691
1065084,0,0.0009167095947428543
1065118,0,0.34461105606165937
1065131,1,0.9749072656711635
1065200,1,0.9998784949275298
1065223,0,0.21014081852343733
1065247,0,0.020919923769590485
1065262,0,0.039109839730968085
1065382,1,0.8518057496184192
1065404,0,0.018617682330085473
1065449,1,0.6505835757967073
1065524,0,0.24438326025201315
1065614,1,0.8079210786495976
1065683,0,0.0010551984768169293
1065716,1,0.7769107995146807
1065731,1,0.922887124009799
1065838,1,0.4941725926772409
1065933,0,0.10449525387874502
1065980,1,0.7496302858025345
1065981,0,0.02245261250731748
1066056,0,0.20756257968834552
1066097,1,0.6549901543673385
1066156,0,0.0001224416102261485
1066169,1,0.8661538634298054
1066253,1,0.9968341936767335
1066264,1,0.9296109250981491
1066265,0,0.2745762035495757
1066377,1,0.9958070799179913
1066467,1,0.8363273161457316
1066479,1,0.6680544933277293
1066516,0,0.18756421011463634
1066592,1,0.8025692570405728
1066596,0,0.034757109148275823
1066660,1,0.5170994757824626
1066676,1,0.9772986440323148
1066682,1,0.8963577845248624
1066746,0,0.0052245542320354405
1066785,0,0.18359788250070183
1066789,1,0.8353043610305267
1066832,1,0.5603921931737297
1066854,1,0.9518563308879635
1067160,0,0.03945116717768219
1067221,1,0.693815686758092
1067230,1,0.8074437423327087
1067295,1,0.978391826974416
1067310,0,0.0028882881653566005
1067338,0,0.05554800674483159
1067349,0,0.008371689531009262
1067355,0,0.034667212556566976
1067382,1,0.8993073909058859
1067390,0,0.0005410971637450539
1067414,1,0.8080863728902323
1067422,1,0.957245774002461
1067522,0,0.271646291933414
1067530,0,0.03634937507276708
1067570,0,0.2821330343567268
1067631,0,0.0005379273950528706
1067688,0,0.00027121522088918124
1067699,0,0.008426654515439204
1067768,1,0.8225383285410365
1067791,1,0.6901598428865721
1068064,0,0.08337569030589594
1068122,0,0.004396523880642771
1068171,1,0.9990647669775913
1068254,1,0.8897207888939809
1068384,0,0.07928727300311388
1068418,1,0.7598875819320284
1068422,0,0.11886074787261726
1068454,1,0.6058890795296625
1068464,1,0.9612390936535591
1068473,1,0.9688345762393261
1068567,0,0.04803579103097856
1068570,1,0.5866174948757453
1068596,1,0.656051996623863
1068612,1,0.9417643019667051
1068644,1,0.9983108021556621
1068679,1,0.9916138943854795
1068684,0,0.015374610132268929
1068692,1,0.9017556481070131
1068805,0,0.3331448377115624
1068816,1,0.9911264483935933
1068922,0,0.006302691414424397
1068987,0,0.02318910436733628
1069152,0,0.05534693135237045
1069192,1,0.9798347059148591
1069266,1,0.9684106868657832
1069282,0,0.0027029382129955984
1069285,1,0.46236678671155823
1069380,1,0.6958838623157266
1069388,1,0.7454703236617564
1069466,1,0.9983369091651834
1069517,1,0.9991061684195007
1069534,1,0.9949891883274822
1069551,1,0.9964886903652056
1069681,1,0.9905985373296324
1069752,0,0.02221130147405025
1069763,0,0.001095556145006023
1069787,1,0.9982783803161791
1069791,1,0.49053067465113964
1069792,1,0.9289436638188986
1069812,1,0.5502379638826257
1069841,0,0.0015200421865223673
1069843,1,0.9963960543549063
1070088,1,0.8858582783375388
1070106,1,0.9995428084162695
1070314,1,0.5666755150639937
1070412,1,0.4392170988506876
1070562,1,0.5553021239804069
1070621,1,0.9555250962634334
1070630,1,0.7083336035830164
1070664,0,0.2864766867911416
1070735,0,0.009529076400353722
1070931,0,0.07205036479053072
1070942,0,0.11566714296162647
1071022,0,0.0820446490876088
1071025,1,0.9135139658070769
1071031,1,0.9939234264756087
1071139,0,0.07707344739673043
1071251,0,0.035422076646428685
1071409,1,0.8110120758179719
1071451,0,0.00447810329821418
1071453,1,0.5787615069732533
1071461,1,0.8311791599665658
1071541,0,0.0005952811069880363
1071547,0,0.0033311122032868594
1071565,1,0.9991718622449496
1071639,1,0.9977259851762423
1071720,0,0.25058129751678465
1071723,1,0.9988336458473609
1071759,0,0.25416534714169287
1071780,0,0.26569635687014315
1071947,1,0.8932651804079084
1072079,1,0.5762681544220474
1072177,0,0.10125226918583405
1072196,0,0.37529033166705816
1072236,0,0.012782532236772563
1072362,0,0.38444015204865634
1072363,1,0.9992321921815559
1072421,1,0.9686652733264526
1072563,0,0.14704949085704025
1072615,0,0.2202752723849058
1072640,0,0.0012106593753128563
1072690,1,0.9992795087106268
1072724,0,0.021575122832145927
1072730,0,0.17622048907011303
1072896,0,0.0674129632995583
1072922,0,0.030850969667234582
1072968,0,0.14592056097932274
1073081,1,0.9565825759767274
1073156,0,0.0038323054399694114
1073157,1,0.9599522730199239
1073282,0,0.13246822265910912
1073447,0,0.05731449871795391
1073591,1,0.567247801256689
1073643,0,0.07702577374368372
1073673,1,0.4648033805847907
1073677,0,0.32251677663566375
1073853,0,0.029746289065824202
1073900,1,0.9885038953256515
1073979,0,0.04991821488695403
1074174,0,0.005060569396375167
1074314,1,0.9999822016161413
1074344,0,0.026071275448803263
1074456,0,0.20325577182499754
1074501,0,0.0011947184249231821
1074552,0,0.02708532081776919
1074583,1,0.5303486534815494
1074663,0,0.03136484032406276
1074857,0,0.13744189410538704
1074971,0,0.0004663062188177208
1075041,1,0.9407802256342543
1075063,1,0.9347732837344871
1075065,0,0.0016544531462747256
1075091,1,0.9341556606347043
1075228,0,0.0366232286117496
1075364,0,0.3171735945567415
1075412,1,0.5406348366527157
1075512,1,0.9882796057300614
1075615,0,0.009863792063735081
1075634,0,0.2871574069720935
1075658,1,0.9933140667640489
1075708,0,0.0002968128469479253
1075739,1,0.9505830657632294
1075755,1,0.794673614239506
1075893,1,0.5451385750061162
1075905,0,0.0008883584955348513
1075960,1,0.4375420265421965
1075968,1,0.4648603735444176
1075998,0,0.001049856491325525
1076022,1,0.9961399848569987
1076031,0,0.0004026929250388913
1076145,0,0.0008645984484879407
1076232,0,0.0014661610736764125
1076248,1,0.9782975162276001
1076249,1,0.9999638620645426
1076283,1,0.9958015708764877
1076325,0,0.015359196898856866
1076360,0,0.0003147321720853178
1076419,1,0.6128789383529756
1076557,1,0.8956027751102495
1076656,1,0.9986403908635662
1076716,0,0.01133549534972297
1076746,1,0.9354533012651599
1076750,1,0.6932050538903066
1076764,0,0.40729561644310547
1076879,0,0.3329222693064064
1076932,1,0.47748413665640166
1077004,1,0.6625010584592494
1077032,0,0.0012883401722008085
1077111,0,0.38590413129816126
1077131,1,0.9963082615357375
1077168,1,0.9896842984394064
1077217,0,0.025058260324557807
1077264,0,0.23378987191124695
1077461,1,0.9981667266982447
1077466,0,0.2920280387069463
1077553,1,0.9951033769926839
1077599,0,0.00291096613551312
1077728,0,0.005498061701162708
1077814,0,0.10686987100929851
1077847,0,0.010005856546257623
1077983,1,0.7988590212621033
1078250,0,0.018968501113958935
1078260,1,0.9993191111726646
1078300,1,0.5499692997349036
1078315,0,0.0005868145643142426
1078411,0,0.17511982515073923
1078439,1,0.7794449936063385
1078441,0,0.004376060411303548
1078525,0,0.00017045632391758867
1078539,1,0.9644068566561752
1078637,0,0.0076846721341276856
1078693,1,0.48923602324852067
1078731,0,0.23145343047208
1078835,1,0.9364613946887521
1078911,1,0.49856055077004363
1078985,1,0.972727505072158
1079119,0,0.008849119320005032
1079154,1,0.8377685396088322
1079338,1,0.8441393908921682
1079366,0,0.0015646225307394124
1079414,1,0.42050521405784963
1079469,0,0.016927571601948542
1079470,0,0.02097302490692269
1079472,1,0.9975010994663701
1079523,0,0.07569198819840339
1079728,0,0.004675124624496187
1079765,1,0.970679246383763
1079918,1,0.6753039501225839
1079938,1,0.9959195979373832
1080106,1,0.4203046803399218
1080118,0,0.004665824971639027
1080149,1,0.9978181291074821
1080187,1,0.43411651262110806
1080404,0,0.02501755663876388
1080560,0,0.002376517421991315
1080577,1,0.6886746106191031
1080698,0,0.2603401054125626
1080761,0,0.017492208325918294
1080804,1,0.5660789906474132
1080878,1,0.6007034152081232
1081055,0,0.00422685113792388
1081190,1,0.7556456748469081
1081195,0,0.11871457133963695
1081257,0,0.05034405199519219
1081398,0,0.09801078283798412
1081498,1,0.9711907445206538
1081533,0,0.003014240277013984
1081554,0,0.002180343392795165
1081575,1,0.5189572448825035
1081583,0,0.23719132307928
1081617,0,0.015161487808158436
1081998,1,0.9958419212988854
1082003,1,0.8109955756725679
1082015,0,0.0006017681633578992
1082286,1,0.8336175927354211
1082307,0,0.005968075127328739
1082423,1,0.635877376351869
1082439,0,0.00956178868570526
1082452,0,0.08882483658892905
1082472,1,0.6795941212050914
1082474,1,0.7149680950003623
1082514,1,0.8793975712839023
1082518,0,0.008285242824185971
1082535,0,0.031129670205806637
1082584,0,0.004315483774526993
1082618,1,0.9740357862625393
1082720,0,0.00032477337587264067
1082725,0,0.0024631346829399503
1082782,0,0.005398334165251025
1082816,1,0.9921708004556958
1082839,1,0.9959310885223925
1082850,1,0.4832328662339714
1082987,1,0.9997821408398754
1083050,0,7.078464504124545e-05
1083068,1,0.9981138282318835
1083167,0,0.0008250791510586824
1083224,0,0.056826377095704705
1083303,1,0.8027545921013595
1083372,0,0.0014546291471679807
1083393,0,0.010514668892395562
1083403,0,0.020214885583549953
1083442,1,0.9983561463920403
1083502,1,0.9010129031338756
1083514,1,0.987316032942382
1083543,0,0.005974676874396704
1083677,1,0.7720634081159068
1083706,1,0.8978789725891791
1083847,0,0.0013023250255197174
1083971,0,0.33356040055921904
1084213,1,0.7210233214375885
1084245,0,0.13668732497247352
1084252,0,0.0021153381203505048
1084287,0,0.0015612768372818553
1084320,0,0.004080267212077808
1084383,1,0.607275825109802
1084388,1,0.976465720383605
1084613,1,0.41860742720518634
1084620,0,0.15472833732278946
1084646,0,0.09200642455671315
1084723,1,0.8189160671951254
1084735,0,0.02284717446393126
1084736,0,0.0014468074713520696
1084793,1,0.9760741616668404
1084977,1,0.5790451397008619
1084991,0,0.07194294376799006
1085041,0,0.17770171610700372
1085095,0,0.007232144554027599
1085183,1,0.9566941758978509
1085270,0,0.01117568088998648
1085276,1,0.9792443263392698
1085295,1,0.9349895531439841
1085350,1,0.9902504037525294
1085363,1,0.8148527400022619
1085495,0,0.07827778073904135
1085554,0,0.0003071744162332268
1085636,1,0.9985229286547309
1085725,0,0.28381785789820385
1085758,0,0.025119027620277692
1085805,0,0.03176119703888777
1085882,1,0.9062589746290685
1085925,1,0.9998726331969532
1085930,1,0.9971204371236158
1086016,1,0.5432076622014737
1086088,0,0.03733157722201468
1086127,0,0.13757445626878478
1086149,0,0.00012663119993428285
1086242,0,0.003690329575535091
1086251,0,0.00014151072880426706
1086253,0,0.0507773817893781
1086271,0,0.028765848607640334
1086312,0,0.19178752366271595
1086352,0,0.0004997501343543046
1086436,0,0.18831968676778613
1086515,0,0.008627094976756578
1086520,1,0.9536568571566257
1086522,0,0.008848714265546714
1086611,0,0.040618334335535564
1086612,1,0.9537755384141421
1086660,1,0.9957481477195131
1086753,0,0.003957193351930211
1086819,0,0.007475338655658716
1086833,1,0.9340167096099612
1086843,0,0.02564739040105048
1086955,0,0.0344775688384369
1087080,0,0.0019684919198544037
1087111,1,0.9816074452673739
1087230,0,0.00010688470373907349
1087243,0,0.2559720528137491
1087293,1,0.9723284111181836
1087360,1,0.7172765482468855
1087421,0,0.0035811748761434563
1087429,0,0.17237229600156664
1087480,0,0.03001495652849923
1087503,0,0.010301015857286154
1087532,0,7.474769101021576e-05
1087567,0,0.03070579959392354
1087573,1,0.9473108651269561
1087829,1,0.9915855250264316
1087872,0,0.03694883892714267
1087879,0,0.01814385443681321
1087960,0,0.16239916886314484
1087970,1,0.85741155188206
1088008,1,0.9992162877518258
1088158,1,0.9998083186708688
1088195,0,0.001468205333324943
1088253,0,0.35943061380934316
1088286,1,0.7336281891522213
1088376,0,0.0020742015144170002
1088404,0,0.00036219646583950457
1088442,0,0.4090140359666378
1088507,0,0.005919575557622285
1088557,1,0.7388935569178899
1088566,0,0.07529043079734474
1088664,1,0.9873701873883416
1088682,0,0.005486809546587838
1088710,1,0.9667754631769953
1088811,1,0.9285138883592928
1088851,0,0.005841437947083567
1088881,0,0.046634013038056345
1088912,1,0.9861636204960872
1088974,0,0.0010524984294693826
1088975,0,0.024589450275315793
1088977,0,0.03910595170183174
1089004,1,0.5592613842892016
1089041,1,0.9938807082650893
1089149,0,0.04384241044041232
1089172,0,0.000371564901811382
1089286,0,0.13708068585064895
1089336,0,0.09797314092574513
1089582,0,0.006641353813475624
1089653,0,0.0643925160782282
1089705,0,0.002417389429651138
1089752,0,0.024680199938544374
1089781,0,0.008143736438244474
1089833,0,0.0009328371707950596
1089881,0,0.0002339064585462248
1089902,0,0.0036691773901735805
1089946,1,0.9539886848731525
